binom_alpha,word1,word2,count_w1,count_w2,count_and,count_w1_and,count_and_w2,count_w2_and,count_and_w1,p_and_given_w1,p_w2_given_and,p_and_given_w2,p_w1_given_and,bigram_alpha,bigram_nonalpha
abashed and sorry,abashed,sorry,142,20966,2218200,28,70,228,10,0.045454545454545456,3.200077883585674e-05,0.010670021433230826,4.957867143583438e-06,1.4545808561753064e-06,5.2900548685146184e-08
abbots and acolytes,abbots,acolytes,34,4,2218200,3,0,0,3,0.007547169811320755,4.5071519487122165e-07,0.002,1.8028607794848866e-06,3.401624112235635e-09,3.605721558969773e-09
abysses and puddles,abysses,puddles,8,106,2218200,4,5,12,1,0.00992063492063492,2.70429116922733e-06,0.02159468438538206,9.014303897424433e-07,2.6828285409001286e-08,1.9466104761880004e-08
acorns and boulders,acorns,boulders,125,159,2218200,30,13,31,9,0.0499194847020934,6.310012728197103e-06,0.04885496183206107,4.507151948712216e-06,3.149925838552499e-07,2.20196736425635e-07
acorns and goblets,acorns,goblets,125,30,2218200,30,3,8,9,0.0499194847020934,1.8028607794848866e-06,0.017110266159695818,4.507151948712216e-06,8.999788110149997e-08,7.71185694646577e-08
acorns and lions,acorns,lions,125,1044,2218200,30,55,182,9,0.0499194847020934,2.5240050912788412e-05,0.11883116883116883,4.507151948712216e-06,1.2599703354209996e-06,5.35590134165153e-07
acorns and tigers,acorns,tigers,125,862,2218200,30,97,139,9,0.0499194847020934,4.417008909737972e-05,0.10309278350515463,4.507151948712216e-06,2.2049480869867493e-06,4.646548400734243e-07
acorns and valleys,acorns,valleys,125,411,2218200,30,56,85,9,0.0499194847020934,2.5690766107659634e-05,0.09481808158765159,4.507151948712216e-06,1.2824698056963746e-06,4.273595012009378e-07
actresses and lumberjacks,actresses,lumberjacks,167,10,2218200,15,0,2,27,0.024132730015082957,4.5071519487122165e-07,0.005928853754940711,1.2620025456394206e-05,1.0876988111522695e-08,7.482228531459015e-08
admirals and deckhands,admirals,deckhands,75,3,2218200,9,0,1,2,0.017513134851138354,4.5071519487122165e-07,0.004008016032064128,1.352145584613665e-06,7.893435987236807e-09,5.419421180816292e-09
admirals and flowers,admirals,flowers,75,5935,2218200,9,364,960,2,0.017513134851138354,0.0001645110461279959,0.149432436635049,1.352145584613665e-06,2.8811041353414344e-06,2.0205440939414274e-07
admirals and knitting,admirals,knitting,75,401,2218200,9,18,55,2,0.017513134851138354,8.563588702553212e-06,0.06243032329988852,1.352145584613665e-06,1.4997528375749933e-07,8.441488599594786e-08
admirals and paupers,admirals,paupers,75,22,2218200,9,7,4,2,0.017513134851138354,3.6057215589697732e-06,0.009652509652509652,1.352145584613665e-06,6.314748789789445e-08,1.3051598307081708e-08
admirals and ribbons,admirals,ribbons,75,439,2218200,9,31,93,2,0.017513134851138354,1.4422886235879093e-05,0.10053475935828877,1.352145584613665e-06,2.525899515915778e-07,1.359376309665075e-07
admirals and weavers,admirals,weavers,75,54,2218200,9,4,10,2,0.017513134851138354,2.253575974356108e-06,0.02,1.352145584613665e-06,3.946717993618403e-08,2.70429116922733e-08
allergic and unaccustomed,allergic,unaccustomed,274,137,2218200,0,7,4,2,0.0012987012987012987,3.6057215589697732e-06,0.007898894154818325,1.352145584613665e-06,4.682755271389316e-09,1.0680454854768285e-08
amber and gravel,amber,gravel,405,419,2218200,23,50,47,32,0.026637069922308545,2.2986474938432305e-05,0.05245901639344262,1.4873601430750315e-05,6.122923402024143e-07,7.802545012852625e-07
amethysts and pebbles,amethysts,pebbles,6,302,2218200,1,31,40,0,0.00398406374501992,1.4422886235879093e-05,0.05137844611528822,4.5071519487122165e-07,5.746169815091272e-08,2.315704635303269e-08
amphitheaters and gazebos,amphitheaters,gazebos,4,2,2218200,0,0,2,0,0.002,4.5071519487122165e-07,0.006024096385542169,4.5071519487122165e-07,9.014303897424433e-10,2.7151517763326606e-09
annoying and teal,annoying,teal,671,260,2218200,19,7,2,22,0.01713796058269066,3.6057215589697732e-06,0.003968253968253968,1.0366449482038099e-05,6.179471394978189e-08,4.113670429380198e-08
anthills and volcanoes,anthills,volcanoes,1,245,2218200,0,11,18,0,0.002012072434607646,5.40858233845466e-06,0.02564102564102564,4.5071519487122165e-07,1.0882459433510382e-08,1.1556799868492862e-08
ants and giraffes,ants,giraffes,579,248,2218200,68,40,41,26,0.0641860465116279,1.8479322989720087e-05,0.056451612903225805,1.2169310261522984e-05,1.1861146849215683e-06,6.869771921827491e-07
ants and stars,ants,stars,579,6273,2218200,68,181,592,26,0.0641860465116279,8.203016546656234e-05,0.08760525927020239,1.2169310261522984e-05,5.265192015993303e-06,1.0660955806002555e-06
anvils and coins,anvils,coins,9,688,2218200,3,24,80,0,0.007920792079207921,1.1267879871780541e-05,0.06841216216216216,4.5071519487122165e-07,8.925053363786567e-08,3.0834401000480534e-08
aprons and swords,aprons,swords,102,689,2218200,27,62,166,9,0.046822742474916385,2.8395057276886964e-05,0.1409282700421941,4.507151948712216e-06,1.3295344544361787e-06,6.351851269493166e-07
archbishops and millers,archbishops,millers,31,38,2218200,8,1,5,5,0.017077798861480076,9.014303897424433e-07,0.011235955056179775,2.70429116922733e-06,1.539444688364704e-08,3.0385294036262134e-08
archdukes and tanners,archdukes,tanners,1,10,2218200,1,0,1,0,0.004024144869215292,4.5071519487122165e-07,0.003952569169960474,4.5071519487122165e-07,1.8137432389183972e-09,1.781482983680718e-09
archdukes and vagrants,archdukes,vagrants,1,34,2218200,1,4,7,0,0.004024144869215292,2.253575974356108e-06,0.01509433962264151,4.5071519487122165e-07,9.068716194591985e-09,6.80324822447127e-09
archipelagos and sandbars,archipelagos,sandbars,5,9,2218200,0,5,1,0,0.001996007984031936,2.70429116922733e-06,0.0039603960396039604,4.5071519487122165e-07,5.3977867649248095e-09,1.7850106727573134e-09
arenas and sheds,arenas,sheds,58,191,2218200,4,17,40,2,0.009025270758122744,8.11287350768199e-06,0.05967976710334789,1.352145584613665e-06,7.322088003323095e-08,8.06957335795637e-08
arrows and flowers,arrows,flowers,929,5935,2218200,169,364,960,276,0.11929824561403508,0.0001645110461279959,0.149432436635049,0.0001248481089793284,1.962587918719951e-05,1.8656357134059182e-05
asteroids and pebbles,asteroids,pebbles,137,302,2218200,16,31,40,9,0.026856240126382307,1.4422886235879093e-05,0.05137844611528822,4.507151948712216e-06,3.8734449606626315e-07,2.315704635303269e-07
avalanches and feathers,avalanches,feathers,28,1400,2218200,2,87,158,3,0.0057251908396946565,3.966293714866751e-05,0.08386075949367089,1.8028607794848866e-06,2.2707788443893612e-07,1.511892742289541e-07
avalanches and murmurs,avalanches,murmurs,28,129,2218200,2,2,11,3,0.0057251908396946565,1.352145584613665e-06,0.0192,1.8028607794848866e-06,7.74129151496373e-09,3.461492696610982e-08
avalanches and snowballs,avalanches,snowballs,28,129,2218200,2,0,12,3,0.0057251908396946565,4.5071519487122165e-07,0.0208,1.8028607794848866e-06,2.5804305049879104e-09,3.749950421328564e-08
axes and flowers,axes,flowers,305,5935,2218200,78,364,960,31,0.0986267166042447,0.0001645110461279959,0.149432436635049,1.4422886235879093e-05,1.622518432473368e-05,2.155247033537523e-06
axes and petals,axes,petals,305,242,2218200,78,5,25,31,0.0986267166042447,2.70429116922733e-06,0.03523035230352303,1.4422886235879093e-05,2.667153587627454e-07,5.081233633236536e-07
axes and ribbons,axes,ribbons,305,439,2218200,78,31,93,31,0.0986267166042447,1.4422886235879093e-05,0.10053475935828877,1.4422886235879093e-05,1.4224819134013088e-06,1.45000139697608e-06
bacteria and candy,bacteria,candy,785,1880,2218200,109,81,182,31,0.0858704137392662,3.6958645979440174e-05,0.07702020202020202,1.4422886235879093e-05,3.173654221497595e-06,1.1108536116017987e-06
ballrooms and cellars,ballrooms,cellars,5,88,2218200,1,6,17,0,0.003992015968063872,3.1550063640985515e-06,0.030821917808219176,4.5071519487122165e-07,1.2594835784824556e-08,1.3891906691236282e-08
banners and rags,banners,rags,208,370,2218200,43,16,69,16,0.0625,7.662158312810768e-06,0.08083140877598152,7.662158312810768e-06,4.78884894550673e-07,6.19343050689092e-07
banquets and crumbs,banquets,crumbs,45,533,2218200,15,12,47,6,0.029574861367837338,5.859297533325882e-06,0.04664723032069971,3.1550063640985515e-06,1.7328791226102422e-07,1.471723085293785e-07
banyans and ferns,banyans,ferns,13,281,2218200,3,23,72,1,0.007858546168958742,1.081716467690932e-05,0.09395109395109395,9.014303897424433e-07,8.500718803072156e-08,8.469037123706353e-08
barns and marbles,barns,marbles,155,376,2218200,48,17,47,20,0.07526881720430108,8.11287350768199e-06,0.05504587155963303,9.465019092295655e-06,6.106463930513326e-07,5.21010225263981e-07
barons and fishermen,barons,fishermen,182,421,2218200,26,16,52,6,0.03982300884955752,7.662158312810768e-06,0.05779716466739367,3.1550063640985515e-06,3.051301982977739e-07,1.8235042235247898e-07
barons and paupers,barons,paupers,182,22,2218200,26,7,4,6,0.03982300884955752,3.6057215589697732e-06,0.009652509652509652,3.1550063640985515e-06,1.4359068155189362e-07,3.045372938319065e-08
barons and weavers,barons,weavers,182,54,2218200,26,4,10,6,0.03982300884955752,2.253575974356108e-06,0.02,3.1550063640985515e-06,8.974417596993351e-08,6.310012728197103e-08
bassoons and kazoos,bassoons,kazoos,19,0,2218200,0,0,0,4,0.001941747572815534,4.5071519487122165e-07,0.0020161290322580645,2.253575974356108e-06,8.75175135672275e-10,4.543499948298605e-09
battleaxes and penknives,battleaxes,penknives,4,3,2218200,1,0,1,2,0.004,4.5071519487122165e-07,0.004008016032064128,1.352145584613665e-06,1.8028607794848866e-09,5.419421180816292e-09
battlements and cobwebs,battlements,cobwebs,50,74,2218200,6,6,13,6,0.01282051282051282,3.1550063640985515e-06,0.02456140350877193,3.1550063640985515e-06,4.044879953972502e-08,7.749138438136793e-08
bears and buttons,bears,buttons,2116,1388,2218200,188,50,152,85,0.0723583460949464,2.2986474938432305e-05,0.08121019108280254,3.876150675892506e-05,1.6632633090978965e-06,3.1478293705496466e-06
bears and kettles,bears,kettles,2116,110,2218200,188,22,22,85,0.0723583460949464,1.0366449482038099e-05,0.037953795379537955,3.876150675892506e-05,7.500991393970906e-07,1.4711462961308192e-06
bears and ribbons,bears,ribbons,2116,439,2218200,188,31,93,85,0.0723583460949464,1.4422886235879093e-05,0.10053475935828877,3.876150675892506e-05,1.0436161939437781e-06,3.896878754373215e-06
bears and seeds,bears,seeds,2116,1382,2218200,188,56,153,85,0.0723583460949464,2.5690766107659634e-05,0.08200212992545261,3.876150675892506e-05,1.858941345462355e-06,3.1785261133516825e-06
bears and teacups,bears,teacups,2116,22,2218200,188,2,4,85,0.0723583460949464,1.352145584613665e-06,0.009652509652509652,3.876150675892506e-05,9.78390181822292e-08,3.741458181363423e-07
beautiful and stinky,beautiful,stinky,13466,260,2218200,714,5,6,575,0.051210428305400374,2.70429116922733e-06,0.009259259259259259,0.0002596119522458237,1.3848790903864353e-07,2.4038143726465155e-06
beetles and hills,beetles,hills,302,3116,2218200,65,59,537,27,0.08270676691729323,2.70429116922733e-05,0.14894795127353266,1.2620025456394206e-05,2.2366317940977915e-06,1.879726936749746e-06
beetles and mammoths,beetles,mammoths,302,24,2218200,65,0,2,27,0.08270676691729323,4.5071519487122165e-07,0.0057692307692307696,1.2620025456394206e-05,3.7277196568296526e-08,7.280783917150504e-08
beetles and mastodons,beetles,mastodons,302,4,2218200,65,0,1,27,0.08270676691729323,4.5071519487122165e-07,0.004,1.2620025456394206e-05,3.7277196568296526e-08,5.0480101825576824e-08
beetles and moons,beetles,moons,302,343,2218200,65,23,24,27,0.08270676691729323,1.081716467690932e-05,0.029797377830750895,1.2620025456394206e-05,8.946527176391166e-07,3.7604366675787265e-07
beggars and captains,beggars,captains,247,339,2218200,18,28,43,11,0.02557200538358008,1.3070740651265428e-05,0.05269461077844311,5.40858233845466e-06,3.342450503015385e-07,2.8500314118802997e-07
beggars and dukes,beggars,dukes,247,173,2218200,18,14,19,11,0.02557200538358008,6.760727923068325e-06,0.029895366218236172,5.40858233845466e-06,1.7288537084562337e-07,1.6169154972958624e-07
bicycles and robots,bicycles,robots,149,236,2218200,31,9,15,10,0.04961240310077519,4.507151948712216e-06,0.02185792349726776,4.957867143583438e-06,2.236106393159549e-07,1.0836868073406423e-07
birdhouses and cathedrals,birdhouses,cathedrals,1,71,2218200,0,13,8,1,0.002012072434607646,6.310012728197103e-06,0.015873015873015872,9.014303897424433e-07,1.269620267242878e-08,1.4308418884800686e-08
birdhouses and skyscrapers,birdhouses,skyscrapers,1,76,2218200,0,3,8,1,0.002012072434607646,1.8028607794848866e-06,0.015734265734265736,9.014303897424433e-07,3.6274864778367944e-09,1.4183345293150334e-08
birdhouses and turrets,birdhouses,turrets,1,63,2218200,0,5,13,1,0.002012072434607646,2.70429116922733e-06,0.025044722719141325,9.014303897424433e-07,5.441229716755191e-09,2.2576074161706987e-08
bishops and blacksmiths,bishops,blacksmiths,357,47,2218200,56,8,8,34,0.0668229777256741,4.056436753840995e-06,0.016574585635359115,1.5775031820492758e-05,2.7106318284752253e-07,2.614646158092722e-07
bishops and potters,bishops,potters,357,43,2218200,56,1,7,34,0.0668229777256741,9.014303897424433e-07,0.014842300556586271,1.5775031820492758e-05,6.0236262855005e-08,2.341377635694658e-07
bishops and seamstresses,bishops,seamstresses,357,6,2218200,56,0,1,34,0.0668229777256741,4.5071519487122165e-07,0.00398406374501992,1.5775031820492758e-05,3.01181314275025e-08,6.284873235256079e-08
bishops and vagabonds,bishops,vagabonds,357,31,2218200,56,8,4,34,0.0668229777256741,4.056436753840995e-06,0.009487666034155597,1.5775031820492758e-05,2.7106318284752253e-07,1.4966823359101288e-07
bison and sparrows,bison,sparrows,125,164,2218200,18,8,30,5,0.030595813204508857,4.056436753840995e-06,0.04696969696969697,2.70429116922733e-06,1.2410998119642337e-07,1.2701973673643517e-07
bitter and purple,bitter,purple,1354,3369,2218200,79,286,278,97,0.043243243243243246,0.00012935526092804062,0.0721862871927555,4.417008909737972e-05,5.593741013104459e-06,3.188474736913051e-06
blacksmiths and lawyers,blacksmiths,lawyers,47,554,2218200,8,31,72,8,0.016574585635359115,1.4422886235879093e-05,0.06952380952380953,4.056436753840995e-06,2.390533630256203e-07,2.820189362194216e-07
blankets and kittens,blankets,kittens,936,511,2218200,195,11,44,89,0.13687150837988826,5.40858233845466e-06,0.044687189672293945,4.056436753840995e-05,7.402808228611126e-07,1.8127075861255688e-06
blizzards and butterflies,blizzards,butterflies,24,673,2218200,6,60,134,2,0.013461538461538462,2.749362688714452e-05,0.11548331907613345,1.352145584613665e-06,3.7010651578848395e-07,1.5615025998532486e-07
blizzards and flurries,blizzards,flurries,24,16,2218200,6,0,2,2,0.013461538461538462,4.5071519487122165e-07,0.005859375,1.352145584613665e-06,6.067319930958753e-09,7.922728034845693e-09
blizzards and mists,blizzards,mists,24,114,2218200,6,6,12,2,0.013461538461538462,3.1550063640985515e-06,0.021311475409836064,1.352145584613665e-06,4.247123951671127e-08,2.881621737701253e-08
bogs and tundras,bogs,tundras,77,3,2218200,24,0,0,3,0.04363001745200698,4.5071519487122165e-07,0.002004008016032064,1.8028607794848866e-06,1.9664711818116127e-08,3.612947453877528e-09
bombs and pebbles,bombs,pebbles,733,302,2218200,81,31,40,23,0.06672091131000814,1.4422886235879093e-05,0.05137844611528822,1.081716467690932e-05,9.623081133784261e-07,5.557691124727846e-07
bonnets and cannons,bonnets,cannons,125,175,2218200,33,18,24,14,0.05475040257648953,8.563588702553212e-06,0.037257824143070044,6.760727923068325e-06,4.6885992896426605e-07,2.5189001203682286e-07
bonnets and shields,bonnets,shields,125,301,2218200,33,20,40,14,0.05475040257648953,9.465019092295655e-06,0.05144291091593475,6.760727923068325e-06,5.182136056973466e-07,3.4779152427327643e-07
bonnets and swords,bonnets,swords,125,689,2218200,33,62,166,14,0.05475040257648953,2.8395057276886964e-05,0.1409282700421941,6.760727923068325e-06,1.55464081709204e-06,9.52777690423975e-07
bonnets and wolves,bonnets,wolves,125,1098,2218200,33,45,151,14,0.05475040257648953,2.0732898964076198e-05,0.09535759096612297,6.760727923068325e-06,1.1351345648608546e-06,6.446867279211954e-07
books and owls,books,owls,10384,375,2218200,1278,20,39,212,0.11755514705882353,9.465019092295655e-06,0.045924225028702644,9.600233650757022e-05,1.112661711309388e-06,4.40883290505489e-06
boulders and butterflies,boulders,butterflies,159,673,2218200,31,60,134,13,0.04885496183206107,2.749362688714452e-05,0.11548331907613345,6.310012728197103e-06,1.3432000921963734e-06,7.287012132648494e-07
boulders and feathers,boulders,feathers,159,1400,2218200,31,87,158,13,0.04885496183206107,3.966293714866751e-05,0.08386075949367089,6.310012728197103e-06,1.937731280545588e-06,5.291624598013394e-07
boulders and marbles,boulders,marbles,159,376,2218200,31,17,47,13,0.04885496183206107,8.11287350768199e-06,0.05504587155963303,6.310012728197103e-06,3.96354125566143e-07,3.4734015017598735e-07
bowls and sharks,bowls,sharks,463,846,2218200,60,26,81,27,0.06360792492179354,1.2169310261522984e-05,0.06110283159463487,1.2620025456394206e-05,7.740645734649657e-07,7.711192901820603e-07
breezes and tornadoes,breezes,tornadoes,176,213,2218200,13,18,12,2,0.020833333333333332,8.563588702553212e-06,0.018335684062059238,1.352145584613665e-06,1.7840809796985857e-07,2.4792514245384545e-08
breezes and typhoons,breezes,typhoons,176,38,2218200,13,8,6,2,0.020833333333333332,4.056436753840995e-06,0.013108614232209739,1.352145584613665e-06,8.450909903835406e-08,1.7724754854486244e-08
bridges and needles,bridges,needles,573,472,2218200,86,56,85,35,0.0813844714686623,2.5690766107659634e-05,0.08884297520661157,1.622574701536398e-05,2.090829421296902e-06,1.4415436397947336e-06
buffaloes and sparrows,buffaloes,sparrows,119,164,2218200,16,8,30,10,0.027642276422764227,4.056436753840995e-06,0.04696969696969697,4.957867143583438e-06,1.1212914604113319e-07,2.3286951735013117e-07
burlap and cashmere,burlap,cashmere,29,72,2218200,3,1,6,0,0.007619047619047619,9.014303897424433e-07,0.01232394366197183,4.5071519487122165e-07,6.8680410647043295e-09,5.55458866918759e-09
burlap and velvet,burlap,velvet,29,660,2218200,3,21,64,0,0.007619047619047619,9.915734287166877e-06,0.056228373702422146,4.5071519487122165e-07,7.554845171174763e-08,2.5342982410579073e-08
butterflies and comets,butterflies,comets,673,102,2218200,134,5,22,60,0.11548331907613345,2.70429116922733e-06,0.038461538461538464,2.749362688714452e-05,3.123005199706497e-07,1.057447187967097e-06
butterflies and earthquakes,butterflies,earthquakes,673,275,2218200,134,8,36,60,0.11548331907613345,4.056436753840995e-06,0.04798962386511025,2.749362688714452e-05,4.6845077995597463e-07,1.3194088130017473e-06
butterflies and floods,butterflies,floods,673,273,2218200,134,17,27,60,0.11548331907613345,8.11287350768199e-06,0.036410923276983094,2.749362688714452e-05,9.369015599119493e-07,1.0010683391938186e-06
butterflies and squalls,butterflies,squalls,673,54,2218200,134,4,7,60,0.11548331907613345,2.253575974356108e-06,0.014545454545454545,2.749362688714452e-05,2.6025043330887475e-07,3.9990730017664754e-07
butterflies and tempests,butterflies,tempests,673,29,2218200,134,3,4,60,0.11548331907613345,1.8028607794848866e-06,0.009523809523809525,2.749362688714452e-05,2.0820034664709983e-07,2.6184406559185257e-07
buttons and castles,buttons,castles,1388,332,2218200,152,25,55,50,0.08121019108280254,1.1718595066651763e-05,0.06763285024154589,2.2986474938432305e-05,9.516693445847769e-07,1.55464081709204e-06
buttons and deer,buttons,deer,1388,2284,2218200,152,51,200,50,0.08121019108280254,2.3437190133303527e-05,0.0723021582733813,2.2986474938432305e-05,1.9033386891695539e-06,1.661971749145645e-06
buttons and foxes,buttons,foxes,1388,344,2218200,152,21,58,50,0.08121019108280254,9.915734287166877e-06,0.07023809523809524,2.2986474938432305e-05,8.05258676187119e-07,1.6145262159136977e-06
buttons and lions,buttons,lions,1388,1044,2218200,152,55,182,50,0.08121019108280254,2.5240050912788412e-05,0.11883116883116883,2.2986474938432305e-05,2.0497493575672116e-06,2.7315096842422802e-06
buttons and mountains,buttons,mountains,1388,4032,2218200,152,116,621,50,0.08121019108280254,5.273367779993293e-05,0.13736749116607774,2.2986474938432305e-05,4.282512050631496e-06,3.157594393044367e-06
buttons and seas,buttons,seas,1388,967,2218200,152,25,139,50,0.08121019108280254,1.1718595066651763e-05,0.09569377990430622,2.2986474938432305e-05,9.516693445847769e-07,2.199662673534192e-06
buttons and whales,buttons,whales,1388,399,2218200,152,33,69,50,0.08121019108280254,1.5324316625621535e-05,0.0782122905027933,2.2986474938432305e-05,1.2444906813800928e-06,1.7978248555198451e-06
cabins and citadels,cabins,citadels,199,16,2218200,29,1,4,6,0.04316546762589928,9.014303897424433e-07,0.009765625,3.1550063640985515e-06,3.891066430542921e-08,3.081060902439992e-08
campfires and wildfires,campfires,wildfires,17,31,2218200,1,1,1,0,0.003898635477582846,9.014303897424433e-07,0.003795066413662239,4.5071519487122165e-07,3.5143484980212213e-09,1.7104940981830043e-09
candles and foxes,candles,foxes,916,344,2218200,109,21,58,32,0.07790368271954674,9.915734287166877e-06,0.07023809523809524,1.4873601430750315e-05,7.724722178387794e-07,1.0446934338265103e-06
candles and galaxies,candles,galaxies,916,273,2218200,109,14,28,32,0.07790368271954674,6.760727923068325e-06,0.0377113133940182,1.4873601430750315e-05,5.26685603071895e-07,5.609030448527426e-07
candles and gales,candles,gales,916,89,2218200,109,5,13,32,0.07790368271954674,2.70429116922733e-06,0.023931623931623933,1.4873601430750315e-05,2.10674241228758e-07,3.5594943594958023e-07
candles and hurricanes,candles,hurricanes,916,192,2218200,109,14,28,32,0.07790368271954674,6.760727923068325e-06,0.04215116279069767,1.4873601430750315e-05,5.26685603071895e-07,6.269395951915104e-07
candles and nebulae,candles,nebulae,916,42,2218200,109,0,3,32,0.07790368271954674,4.5071519487122165e-07,0.007434944237918215,1.4873601430750315e-05,3.511237353812633e-08,1.1058439725464918e-07
cannons and darts,cannons,darts,175,178,2218200,24,14,20,18,0.037257824143070044,6.760727923068325e-06,0.03115727002967359,8.563588702553212e-06,2.5189001203682286e-07,2.6681804562851253e-07
cannons and needles,cannons,needles,175,472,2218200,24,56,85,18,0.037257824143070044,2.5690766107659634e-05,0.08884297520661157,8.563588702553212e-06,9.571820457399268e-07,7.608146987805539e-07
cannons and slingshots,cannons,slingshots,175,6,2218200,24,1,0,18,0.037257824143070044,9.014303897424433e-07,0.00199203187250996,8.563588702553212e-06,3.358533493824304e-08,1.7058941638552214e-08
canyons and marbles,canyons,marbles,60,376,2218200,7,17,47,10,0.014388489208633094,8.11287350768199e-06,0.05504587155963303,4.957867143583438e-06,1.1673199291628763e-07,2.7291011799541864e-07
captains and flowers,captains,flowers,339,5935,2218200,43,364,960,28,0.05269461077844311,0.0001645110461279959,0.149432436635049,1.3070740651265428e-05,8.668845544469245e-06,1.95319262414338e-06
cardinals and novices,cardinals,novices,336,30,2218200,48,1,5,8,0.05889423076923077,9.014303897424433e-07,0.011406844106463879,4.056436753840995e-06,5.308904939588909e-08,4.627114167879462e-08
carracks and skiffs,carracks,skiffs,3,32,2218200,2,1,3,0,0.006012024048096192,9.014303897424433e-07,0.007575757575757576,4.5071519487122165e-07,5.419421180816293e-09,3.4145090520547098e-09
cashmere and flannel,cashmere,flannel,72,325,2218200,6,7,40,1,0.01232394366197183,3.6057215589697732e-06,0.049939098660170524,9.014303897424433e-07,4.443670935350072e-08,4.5016621168623845e-08
catapults and slingshots,catapults,slingshots,19,6,2218200,1,1,0,0,0.003883495145631068,9.014303897424433e-07,0.00199203187250996,4.5071519487122165e-07,3.5007005426891e-09,8.978390336080113e-10
cathedrals and outhouses,cathedrals,outhouses,71,14,2218200,8,2,3,13,0.015873015873015872,1.352145584613665e-06,0.00784313725490196,6.310012728197103e-06,2.1462628327201028e-08,4.9490295907428256e-08
cathedrals and sheds,cathedrals,sheds,71,191,2218200,8,17,40,13,0.015873015873015872,8.11287350768199e-06,0.05967976710334789,6.310012728197103e-06,1.2877576996320619e-07,3.765800900379639e-07
cauldrons and thimbles,cauldrons,thimbles,18,13,2218200,2,2,4,1,0.005836575875486381,1.352145584613665e-06,0.009823182711198428,9.014303897424433e-07,7.891900299301547e-09,8.85491541986683e-09
cedars and mosses,cedars,mosses,125,77,2218200,16,15,20,12,0.027375201288244767,7.2114431179395464e-06,0.03664921465968586,5.859297533325882e-06,1.9741470693232254e-07,2.147386530538281e-07
cellos and kazoos,cellos,kazoos,12,0,2218200,5,0,0,4,0.011811023622047244,4.5071519487122165e-07,0.0020161290322580645,2.253575974356108e-06,5.323407813439626e-09,4.543499948298605e-09
cellos and triangles,cellos,triangles,12,159,2218200,5,12,21,4,0.011811023622047244,5.859297533325882e-06,0.03358778625954199,2.253575974356108e-06,6.920430157471513e-08,7.569262814631203e-08
chalices and thimbles,chalices,thimbles,7,13,2218200,2,2,4,1,0.005964214711729622,1.352145584613665e-06,0.009823182711198428,9.014303897424433e-07,8.064486588153071e-09,8.85491541986683e-09
chalk and diamonds,chalk,diamonds,677,616,2218200,66,51,99,9,0.05711849957374254,2.3437190133303527e-05,0.08992805755395683,4.507151948712216e-06,1.3386971346388204e-06,4.0531941984822085e-07
chalk and tanzanite,chalk,tanzanite,677,2,2218200,66,0,0,9,0.05711849957374254,4.5071519487122165e-07,0.002008032128514056,4.507151948712216e-06,2.574417566613116e-08,9.050505921108867e-09
champagne and vinegar,champagne,vinegar,375,259,2218200,40,67,52,18,0.04707233065442021,3.064863325124307e-05,0.07019867549668875,8.563588702553212e-06,1.4427025985085718e-06,6.011525844176427e-07
chandeliers and torches,chandeliers,torches,19,210,2218200,4,9,35,2,0.009708737864077669,4.507151948712216e-06,0.05099150141643059,1.352145584613665e-06,4.375875678361375e-08,6.894793349304807e-08
chanting and enchanting,chanting,enchanting,311,126,2218200,17,13,3,12,0.022304832713754646,6.310012728197103e-06,0.006430868167202572,5.859297533325882e-06,1.4074377832409894e-07,3.768036998923396e-08
chasms and puddles,chasms,puddles,20,106,2218200,7,5,12,2,0.015503875968992248,2.70429116922733e-06,0.02159468438538206,1.352145584613665e-06,4.192699487174155e-08,2.9199157142820005e-08
chauffeurs and stewardesses,chauffeurs,stewardesses,18,12,2218200,1,0,0,2,0.0038910505836575876,4.5071519487122165e-07,0.001968503937007874,1.352145584613665e-06,1.7537556220670103e-09,2.6617039067198127e-09
cherries and llamas,cherries,llamas,313,29,2218200,34,1,3,37,0.04326328800988875,9.014303897424433e-07,0.007619047619047619,1.7127177405106424e-05,3.8998842572293595e-08,1.3049278022938226e-07
chestnuts and ferns,chestnuts,ferns,128,281,2218200,18,23,72,12,0.030448717948717948,1.081716467690932e-05,0.09395109395109395,5.859297533325882e-06,3.293687962520466e-07,5.50487413040913e-07
chickens and fences,chickens,fences,1002,306,2218200,157,17,67,99,0.1054739652870494,8.11287350768199e-06,0.08478802992518704,4.5071519487122165e-05,8.556969387274729e-07,3.821525343047765e-06
chipmunks and gorillas,chipmunks,gorillas,54,100,2218200,14,5,9,7,0.02727272727272727,2.70429116922733e-06,0.016778523489932886,3.6057215589697732e-06,7.375339552438172e-08,6.049868387533177e-08
churches and pebbles,churches,pebbles,1454,302,2218200,197,31,40,49,0.10153846153846154,1.4422886235879093e-05,0.05137844611528822,2.2535759743561083e-05,1.4644776793354155e-06,1.1578523176516344e-06
civilizations and homesteads,civilizations,homesteads,125,16,2218200,8,2,3,3,0.014492753623188406,1.352145584613665e-06,0.0078125,1.8028607794848866e-06,1.9596312820487897e-08,1.4084849839725677e-08
clarinets and kazoos,clarinets,kazoos,18,0,2218200,4,0,0,0,0.009727626459143969,4.5071519487122165e-07,0.0020161290322580645,4.5071519487122165e-07,4.384389055167526e-09,9.086999896597211e-10
clay and emeralds,clay,emeralds,1574,123,2218200,159,11,29,75,0.07729468599033816,5.40858233845466e-06,0.048465266558966075,3.425435481021285e-05,4.180546735037418e-07,1.6601464366823675e-06
claymores and penknives,claymores,penknives,3,3,2218200,0,0,1,0,0.002004008016032064,4.5071519487122165e-07,0.004008016032064128,4.5071519487122165e-07,9.03236863469382e-10,1.806473726938764e-09
clearings and plateaus,clearings,plateaus,22,23,2218200,4,1,4,1,0.009652509652509652,9.014303897424433e-07,0.009633911368015413,9.014303897424433e-07,8.701065538054471e-09,8.68430047921429e-09
clearings and prairies,clearings,prairies,22,109,2218200,4,0,17,1,0.009652509652509652,4.5071519487122165e-07,0.02975206611570248,9.014303897424433e-07,4.350532769027236e-09,2.681941655432063e-08
cliffs and cobwebs,cliffs,cobwebs,659,74,2218200,93,6,13,14,0.08138528138528138,3.1550063640985515e-06,0.02456140350877193,6.760727923068325e-06,2.5677108071451416e-07,1.660529665315027e-07
cliffs and moths,cliffs,moths,659,290,2218200,93,34,28,14,0.08138528138528138,1.5775031820492758e-05,0.03689567430025445,6.760727923068325e-06,1.2838554035725706e-06,2.4944161548216464e-07
clocks and deer,clocks,deer,327,2284,2218200,35,51,200,12,0.04374240583232078,2.3437190133303527e-05,0.0723021582733813,5.859297533325882e-06,1.0251990823802272e-06,4.236398576253605e-07
closets and dungeons,closets,dungeons,68,87,2218200,19,5,16,12,0.03546099290780142,2.70429116922733e-06,0.029159519725557463,5.859297533325882e-06,9.589684997260035e-08,1.7085430200092624e-07
cobblers and colonels,cobblers,colonels,10,33,2218200,2,0,6,0,0.005928853754940711,4.5071519487122165e-07,0.013232514177693762,4.5071519487122165e-07,2.672224475521077e-09,5.964095206235447e-09
cobblers and deacons,cobblers,deacons,10,18,2218200,2,4,5,0,0.005928853754940711,2.253575974356108e-06,0.011673151750972763,4.5071519487122165e-07,1.3361122377605383e-08,5.261266866201031e-09
cobblers and judges,cobblers,judges,10,691,2218200,2,26,62,0,0.005928853754940711,1.2169310261522984e-05,0.05307497893850042,4.5071519487122165e-07,7.215006083906906e-08,2.3921699475052202e-08
cobblers and marquesses,cobblers,marquesses,10,2,2218200,2,0,0,0,0.005928853754940711,4.5071519487122165e-07,0.002008032128514056,4.5071519487122165e-07,2.672224475521077e-09,9.050505921108868e-10
cobblers and monks,cobblers,monks,10,448,2218200,2,22,48,0,0.005928853754940711,1.0366449482038099e-05,0.05190677966101695,4.5071519487122165e-07,6.146116293698476e-08,2.3395174310052818e-08
cobblers and privateers,cobblers,privateers,10,52,2218200,2,4,5,0,0.005928853754940711,2.253575974356108e-06,0.010948905109489052,4.5071519487122165e-07,1.3361122377605383e-08,4.934837900049872e-09
cobras and mice,cobras,mice,58,1093,2218200,6,87,145,2,0.01263537906137184,3.966293714866751e-05,0.09188168659534299,1.352145584613665e-06,5.011562455607808e-07,1.2423741683674957e-07
cobwebs and storms,cobwebs,storms,74,665,2218200,13,43,107,6,0.02456140350877193,1.9831468574333753e-05,0.09302325581395349,3.1550063640985515e-06,4.870887018257413e-07,2.9348896410219084e-07
coins and eagles,coins,eagles,688,314,2218200,80,10,46,24,0.06841216216216216,4.957867143583438e-06,0.05802469135802469,1.1267879871780541e-05,3.3917841100528586e-07,6.538152518193648e-07
coins and forests,coins,forests,688,1315,2218200,80,74,233,24,0.06841216216216216,3.380363961534162e-05,0.12921038100496962,1.1267879871780541e-05,2.31258007503604e-06,1.455927051350992e-06
coins and ravens,coins,ravens,688,280,2218200,80,7,19,24,0.06841216216216216,3.6057215589697732e-06,0.02577319587628866,1.1267879871780541e-05,2.466752080038443e-07,2.904092750458902e-07
comets and sparks,comets,sparks,102,370,2218200,22,37,32,5,0.038461538461538464,1.7127177405106424e-05,0.03810623556581986,2.70429116922733e-06,6.587375925040933e-07,1.0305035633314304e-07
condors and sparrows,condors,sparrows,15,164,2218200,4,8,30,0,0.009784735812133072,4.056436753840995e-06,0.04696969696969697,4.5071519487122165e-07,3.9691161974960806e-08,2.1169956122739196e-08
conscripts and generals,conscripts,generals,10,384,2218200,1,22,48,0,0.003952569169960474,1.0366449482038099e-05,0.05568181818181818,4.5071519487122165e-07,4.097410862465651e-08,2.5096641532602112e-08
coroners and senators,coroners,senators,4,393,2218200,1,18,50,0,0.004,8.563588702553212e-06,0.05736782902137233,4.5071519487122165e-07,3.4254354810212846e-08,2.5856552236706756e-08
corsairs and drapers,corsairs,drapers,93,8,2218200,10,0,2,0,0.01867572156196944,4.5071519487122165e-07,0.005952380952380952,4.5071519487122165e-07,8.417431483163732e-09,2.682828540900129e-09
cottages and dynasties,cottages,dynasties,252,110,2218200,47,9,10,20,0.06417112299465241,4.507151948712216e-06,0.018151815181518153,9.465019092295655e-06,2.8922900205639893e-07,1.7180727725289142e-07
counts and shepherds,counts,shepherds,796,255,2218200,38,11,11,26,0.03018575851393189,5.40858233845466e-06,0.015978695073235686,1.2169310261522984e-05,1.6326216037130938e-07,1.9444969792047378e-07
counts and tanners,counts,tanners,796,10,2218200,38,0,1,26,0.03018575851393189,4.5071519487122165e-07,0.003952569169960474,1.2169310261522984e-05,1.360518003094245e-08,4.810004055937938e-08
counts and vagabonds,counts,vagabonds,796,31,2218200,38,8,4,26,0.03018575851393189,4.056436753840995e-06,0.009487666034155597,1.2169310261522984e-05,1.2244662027848205e-07,1.1545835162735279e-07
crabs and walruses,crabs,walruses,366,22,2218200,52,3,3,29,0.06148491879350348,1.8028607794848866e-06,0.007722007722007722,1.352145584613665e-05,1.1084874862262064e-07,1.0441278645665367e-07
crates and warehouses,crates,warehouses,122,107,2218200,14,21,17,2,0.024271844660194174,9.915734287166877e-06,0.029850746268656716,1.352145584613665e-06,2.4067316230987565e-07,4.0362554764587014e-08
crayfish and otters,crayfish,otters,38,80,2218200,5,4,16,4,0.011235955056179775,2.253575974356108e-06,0.029513888888888888,2.253575974356108e-06,2.5321078363551776e-08,6.651179090981569e-08
crocodiles and tadpoles,crocodiles,tadpoles,361,351,2218200,47,13,17,36,0.056009334889148193,6.310012728197103e-06,0.021251475796930343,1.6676462210235202e-05,3.5341961604837917e-07,3.543994330392369e-07
crossbows and slingshots,crossbows,slingshots,12,6,2218200,0,1,0,1,0.001968503937007874,9.014303897424433e-07,0.00199203187250996,9.014303897424433e-07,1.7744692711465418e-09,1.7956780672160226e-09
crowbars and tweezers,crowbars,tweezers,28,26,2218200,7,2,9,4,0.015267175572519083,1.352145584613665e-06,0.019157088122605363,2.253575974356108e-06,2.064344403990328e-08,4.31719535317262e-08
crowns and nightcaps,crowns,nightcaps,238,8,2218200,34,0,1,15,0.047683923705722074,4.5071519487122165e-07,0.003968253968253968,7.2114431179395464e-06,2.149186896524899e-08,2.8616837769601373e-08
crumbs and feasts,crumbs,feasts,533,142,2218200,47,9,38,12,0.04664723032069971,4.507151948712216e-06,0.061128526645768025,5.859297533325882e-06,2.1024615504196926e-07,3.58170225391394e-07
cudgels and maces,cudgels,maces,14,12,2218200,1,1,3,1,0.00392156862745098,9.014303897424433e-07,0.007874015748031496,9.014303897424433e-07,3.5350211362448756e-09,7.097877084586167e-09
cutlasses and needles,cutlasses,needles,59,472,2218200,25,56,85,16,0.04684684684684685,2.5690766107659634e-05,0.08884297520661157,7.662158312810768e-06,1.2035313852236947e-06,6.807289410141797e-07
cyclones and gusts,cyclones,gusts,199,100,2218200,3,3,6,2,0.0057553956834532375,1.8028607794848866e-06,0.01174496644295302,1.352145584613665e-06,1.0376177148114456e-08,1.5880904517274588e-08
cyclones and zephyrs,cyclones,zephyrs,199,53,2218200,3,1,4,2,0.0057553956834532375,9.014303897424433e-07,0.009107468123861567,1.352145584613665e-06,5.188088574057228e-09,1.2314622810689118e-08
cypresses and mosses,cypresses,mosses,17,77,2218200,5,15,20,1,0.011695906432748537,7.2114431179395464e-06,0.03664921465968586,9.014303897424433e-07,8.434436395250931e-08,3.3036715854435094e-08
daggers and flowers,daggers,flowers,76,5935,2218200,14,364,960,10,0.026223776223776224,0.0001645110461279959,0.149432436635049,4.957867143583438e-06,4.3141008599998925e-06,7.408661677785235e-07
daggers and thimbles,daggers,thimbles,76,13,2218200,14,2,4,10,0.026223776223776224,1.352145584613665e-06,0.009823182711198428,4.957867143583438e-06,3.5458363232875826e-08,4.8702034809267566e-08
deltas and puddles,deltas,puddles,12,106,2218200,2,5,12,1,0.005905511811023622,2.70429116922733e-06,0.02159468438538206,9.014303897424433e-07,1.5970223440318876e-08,1.9466104761880004e-08
deserts and raindrops,deserts,raindrops,255,105,2218200,41,1,6,19,0.0559254327563249,9.014303897424433e-07,0.011647254575707155,9.014303897424432e-06,5.0412884646048763e-08,1.0499189231609156e-07
determined and forgettable,determined,forgettable,2979,7,2218200,48,1,1,175,0.014100719424460431,9.014303897424433e-07,0.003976143141153081,7.932587429733501e-05,1.2710817006440208e-08,3.154110310033201e-07
dewdrops and forests,dewdrops,forests,20,1315,2218200,4,74,233,1,0.009689922480620155,3.380363961534162e-05,0.12921038100496962,9.014303897424433e-07,3.2755464743548083e-07,1.1647416410807935e-07
dewdrops and glaciers,dewdrops,glaciers,20,132,2218200,4,6,18,1,0.009689922480620155,3.1550063640985515e-06,0.030254777070063694,9.014303897424433e-07,3.057176709397821e-08,2.7272575485838252e-08
dewdrops and planets,dewdrops,planets,20,794,2218200,4,32,95,1,0.009689922480620155,1.4873601430750315e-05,0.07441860465116279,9.014303897424433e-07,1.4412404487161157e-07,6.708319179478648e-08
dewdrops and tsunamis,dewdrops,tsunamis,20,24,2218200,4,2,5,1,0.009689922480620155,1.352145584613665e-06,0.011538461538461539,9.014303897424433e-07,1.3102185897419233e-08,1.0401119881643577e-08
dewdrops and waterfalls,dewdrops,waterfalls,20,94,2218200,4,14,17,1,0.009689922480620155,6.760727923068325e-06,0.030508474576271188,9.014303897424433e-07,6.551092948709617e-08,2.750126612773556e-08
disheveled and dreary,disheveled,dreary,25,353,2218200,3,37,26,7,0.007677543186180422,1.7127177405106424e-05,0.03180212014134275,3.6057215589697732e-06,1.314946441850781e-07,1.1466959021458642e-07
ditches and fjords,ditches,fjords,112,14,2218200,35,3,3,23,0.05921052631578947,1.8028607794848866e-06,0.00784313725490196,1.081716467690932e-05,1.067483356273946e-07,8.484050726987702e-08
doctors and shepherds,doctors,shepherds,1887,255,2218200,170,11,11,61,0.07175828787242972,5.40858233845466e-06,0.015978695073235686,2.794434208201574e-05,3.881106084245686e-07,4.4651412115071756e-07
donates and provides,donates,provides,19,846,2218200,0,54,3,0,0.001941747572815534,2.478933571791719e-05,0.0029806259314456036,4.5071519487122165e-07,4.813463246197513e-08,1.3434133975297217e-09
dreadnoughts and rowboats,dreadnoughts,rowboats,3,20,2218200,0,3,3,0,0.002004008016032064,1.8028607794848866e-06,0.007751937984496124,4.5071519487122165e-07,3.612947453877528e-09,3.4939162393117957e-09
drips and geysers,drips,geysers,57,39,2218200,4,4,7,2,0.009041591320072333,2.253575974356108e-06,0.014953271028037384,1.352145584613665e-06,2.0375912968861737e-08,2.0218999396092187e-08
dukes and flowers,dukes,flowers,173,5935,2218200,19,364,960,14,0.029895366218236172,0.0001645110461279959,0.149432436635049,6.760727923068325e-06,4.9181179709415815e-06,1.0102720469707139e-06
dukes and millers,dukes,millers,173,38,2218200,19,1,5,14,0.029895366218236172,9.014303897424433e-07,0.011235955056179775,6.760727923068325e-06,2.6948591621597706e-08,7.596323509065534e-08
dukes and shepherds,dukes,shepherds,173,255,2218200,19,11,11,14,0.029895366218236172,5.40858233845466e-06,0.015978695073235686,6.760727923068325e-06,1.6169154972958624e-07,1.0802760995581878e-07
dukes and vagrants,dukes,vagrants,173,34,2218200,19,4,7,14,0.029895366218236172,2.253575974356108e-06,0.01509433962264151,6.760727923068325e-06,6.737147905399427e-08,1.0204872336706906e-07
dungeons and spiders,dungeons,spiders,87,657,2218200,16,53,64,5,0.029159519725557463,2.4338620523045968e-05,0.05637467476149176,2.70429116922733e-06,7.097024852346166e-07,1.52453535125565e-07
eagles and plates,eagles,plates,314,1597,2218200,46,88,336,10,0.05802469135802469,4.0113652343538725e-05,0.1610129001433349,4.957867143583438e-06,2.327582296476938e-06,7.982805673137213e-07
eagles and ribbons,eagles,ribbons,314,439,2218200,46,31,93,10,0.05802469135802469,1.4422886235879093e-05,0.10053475935828877,4.957867143583438e-06,8.368835223287869e-07,4.984379802105275e-07
eagles and thimbles,eagles,thimbles,314,13,2218200,46,2,4,10,0.05802469135802469,1.352145584613665e-06,0.009823182711198428,4.957867143583438e-06,7.845783021832377e-08,4.8702034809267566e-08
earls and gravediggers,earls,gravediggers,77,3,2218200,6,0,0,3,0.012216404886561954,4.5071519487122165e-07,0.002004008016032064,1.8028607794848866e-06,5.506119309072516e-09,3.612947453877528e-09
earls and paupers,earls,paupers,77,22,2218200,6,7,4,3,0.012216404886561954,3.6057215589697732e-06,0.009652509652509652,1.8028607794848866e-06,4.404895447258013e-08,1.7402131076108942e-08
earls and tanners,earls,tanners,77,10,2218200,6,0,1,3,0.012216404886561954,4.5071519487122165e-07,0.003952569169960474,1.8028607794848866e-06,5.506119309072516e-09,7.125931934722872e-09
earthquakes and teardrops,earthquakes,teardrops,275,15,2218200,36,0,0,8,0.04798962386511025,4.5071519487122165e-07,0.0019569471624266144,4.056436753840995e-06,2.1629652672159796e-08,7.938232394992162e-09
earthquakes and whimpers,earthquakes,whimpers,275,91,2218200,36,2,8,8,0.04798962386511025,1.352145584613665e-06,0.015332197614991482,4.056436753840995e-06,6.488895801647938e-08,6.21940899226047e-08
elephants and gnats,elephants,gnats,1398,30,2218200,152,2,6,78,0.08078141499472016,1.352145584613665e-06,0.013307984790874524,3.560650039482651e-05,1.0922823360395497e-07,4.738507657106189e-07
elephants and pins,elephants,pins,1398,576,2218200,152,20,112,78,0.08078141499472016,9.465019092295655e-06,0.10541044776119403,3.560650039482651e-05,7.645976352276848e-07,3.7532971498277946e-06
elms and mushrooms,elms,mushrooms,105,307,2218200,27,32,55,9,0.04658901830282862,1.4873601430750315e-05,0.06973848069738481,4.507151948712216e-06,6.929464892862043e-07,3.1432192917544724e-07
embers and thunderbolts,embers,thunderbolts,159,40,2218200,18,1,3,4,0.02900763358778626,9.014303897424433e-07,0.007462686567164179,2.253575974356108e-06,2.6148362450544157e-08,1.6817731151911255e-08
emperors and flowers,emperors,flowers,307,5935,2218200,17,364,960,14,0.0224159402241594,0.0001645110461279959,0.149432436635049,6.760727923068325e-06,3.687669776219086e-06,1.0102720469707139e-06
eons and heartbeats,eons,heartbeats,18,9,2218200,0,2,2,0,0.0019455252918287938,1.352145584613665e-06,0.005940594059405941,4.5071519487122165e-07,2.6306334331005155e-09,2.6775160091359704e-09
eruptions and sparks,eruptions,sparks,106,370,2218200,5,37,32,2,0.009966777408637873,1.7127177405106424e-05,0.03810623556581986,1.352145584613665e-06,1.7070276483494773e-07,5.152517816657152e-08
falcons and wrens,falcons,wrens,85,27,2218200,14,2,4,3,0.025817555938037865,1.352145584613665e-06,0.009560229445506692,1.8028607794848866e-06,3.49090942671342e-08,1.723576271018056e-08
farmers and princes,farmers,princes,1155,485,2218200,134,38,91,38,0.08176862507571168,1.7577892599977646e-05,0.09378185524974515,1.7577892599977646e-05,1.437320109628699e-06,1.64848737940667e-06
farmers and shoguns,farmers,shoguns,1155,6,2218200,134,0,0,38,0.08176862507571168,4.5071519487122165e-07,0.00199203187250996,1.7577892599977646e-05,3.685436178535125e-08,3.501572231071244e-08
feasts and morsels,feasts,morsels,142,38,2218200,38,0,1,9,0.061128526645768025,4.5071519487122165e-07,0.003745318352059925,4.507151948712216e-06,2.7551555799338002e-08,1.688071890903452e-08
feasts and scraps,feasts,scraps,142,270,2218200,38,16,24,9,0.061128526645768025,7.662158312810768e-06,0.03263707571801567,4.507151948712216e-06,4.6837644858874597e-07,1.4710025942272249e-07
feathers and floods,feathers,floods,1400,273,2218200,158,17,27,87,0.08386075949367089,8.11287350768199e-06,0.036410923276983094,3.966293714866751e-05,6.803517340302935e-07,1.4441641614599353e-06
feathers and lightning,feathers,lightning,1400,1457,2218200,158,111,126,87,0.08386075949367089,5.0480101825576824e-05,0.06502816180235535,3.966293714866751e-05,4.233299678410715e-06,2.5792078944602013e-06
feathers and mountains,feathers,mountains,1400,4032,2218200,158,116,621,87,0.08386075949367089,5.273367779993293e-05,0.13736749116607774,3.966293714866751e-05,4.422286271196907e-06,5.44839816839028e-06
feathers and rivers,feathers,rivers,1400,2038,2218200,158,139,274,87,0.08386075949367089,6.310012728197103e-05,0.1085240726124704,3.966293714866751e-05,5.291624598013393e-06,4.304383471145843e-06
feathers and spears,feathers,spears,1400,529,2218200,158,51,107,87,0.08386075949367089,2.3437190133303527e-05,0.10536585365853658,3.966293714866751e-05,1.9654605649764034e-06,4.179119231274235e-06
feathers and storms,feathers,storms,1400,665,2218200,158,43,107,87,0.08386075949367089,1.9831468574333753e-05,0.09302325581395349,3.966293714866751e-05,1.6630820165184951e-06,3.6895755487132564e-06
feathers and thunderstorms,feathers,thunderstorms,1400,141,2218200,158,12,17,87,0.08386075949367089,5.859297533325882e-06,0.0282574568288854,3.966293714866751e-05,4.913651412441009e-07,1.1207737341852672e-06
feathers and tsunamis,feathers,tsunamis,1400,24,2218200,158,2,5,87,0.08386075949367089,1.352145584613665e-06,0.011538461538461539,3.966293714866751e-05,1.1339195567171557e-07,4.576492747923174e-07
feathers and volcanoes,feathers,volcanoes,1400,245,2218200,158,11,18,87,0.08386075949367089,5.40858233845466e-06,0.02564102564102564,3.966293714866751e-05,4.535678226868623e-07,1.016998388427372e-06
felines and quails,felines,quails,12,19,2218200,0,1,3,0,0.001968503937007874,9.014303897424433e-07,0.007766990291262136,4.5071519487122165e-07,1.7744692711465418e-09,3.5007005426891e-09
ferns and larches,ferns,larches,281,33,2218200,72,2,6,23,0.09395109395109395,1.352145584613665e-06,0.013232514177693762,1.081716467690932e-05,1.270355568555953e-07,1.4313828494965072e-07
ferns and sequoias,ferns,sequoias,281,5,2218200,72,0,2,23,0.09395109395109395,4.5071519487122165e-07,0.005988023952095809,1.081716467690932e-05,4.234518561853176e-08,6.477344117909772e-08
ferns and spruces,ferns,spruces,281,24,2218200,72,6,7,23,0.09395109395109395,3.1550063640985515e-06,0.015384615384615385,1.081716467690932e-05,2.9641629932972237e-07,1.6641791810629723e-07
ferns and walnuts,ferns,walnuts,281,85,2218200,72,11,24,23,0.09395109395109395,5.40858233845466e-06,0.043029259896729774,1.081716467690932e-05,5.081422274223812e-07,4.6545459022845606e-07
finches and vultures,finches,vultures,31,97,2218200,6,7,11,0,0.013282732447817837,3.6057215589697732e-06,0.02023608768971332,4.5071519487122165e-07,4.789383474912412e-08,9.120712206500268e-09
fireflies and galaxies,fireflies,galaxies,74,273,2218200,6,14,28,4,0.012280701754385965,6.760727923068325e-06,0.0377113133940182,2.253575974356108e-06,8.302648326575136e-08,8.498530982617312e-08
fireflies and moons,fireflies,moons,74,343,2218200,6,23,24,4,0.012280701754385965,1.081716467690932e-05,0.029797377830750895,2.253575974356108e-06,1.3284237322520215e-07,6.715065477819154e-08
fireflies and supernovas,fireflies,supernovas,74,17,2218200,6,0,1,4,0.012280701754385965,4.5071519487122165e-07,0.003898635477582846,2.253575974356108e-06,5.535098884383424e-09,8.785871245053053e-09
first and ninety-eighth,first,ninety-eighth,92202,0,2218200,2221,0,0,511,0.023970312196595397,4.5071519487122165e-07,0.0020161290322580645,0.00023076617977406549,1.0803783932812515e-08,4.652543947057772e-07
fishermen and generals,fishermen,generals,421,384,2218200,52,22,48,16,0.05779716466739367,1.0366449482038099e-05,0.05568181818181818,7.662158312810768e-06,5.991513877295739e-07,4.266429060542359e-07
flails and switches,flails,switches,33,311,2218200,4,21,13,3,0.00945179584120983,9.915734287166877e-06,0.01734820322180917,1.8028607794848866e-06,9.37214960979856e-08,3.12763951831331e-08
flint and opals,flint,opals,371,12,2218200,66,1,4,13,0.07727797001153403,9.014303897424433e-07,0.00984251968503937,6.310012728197103e-06,6.966071062600196e-08,6.210642449012896e-08
flintlocks and slingshots,flintlocks,slingshots,2,6,2218200,1,1,0,0,0.004016064257028112,9.014303897424433e-07,0.00199203187250996,4.5071519487122165e-07,3.620202368443547e-09,8.978390336080113e-10
floods and puddles,floods,puddles,273,106,2218200,27,5,12,17,0.036410923276983094,2.70429116922733e-06,0.02159468438538206,8.11287350768199e-06,9.84657382813592e-08,1.7519494285692005e-07
flowers and generals,flowers,generals,5935,384,2218200,960,22,48,364,0.149432436635049,1.0366449482038099e-05,0.05568181818181818,0.0001645110461279959,1.5490838053550946e-06,9.160274159399771e-06
flowers and knights,flowers,knights,5935,1526,2218200,960,39,203,364,0.149432436635049,1.8028607794848865e-05,0.10089020771513353,0.0001645110461279959,2.6940587919219033e-06,1.659755361528742e-05
flowers and knives,flowers,knives,5935,716,2218200,960,84,263,364,0.149432436635049,3.8310791564053844e-05,0.21782178217821782,0.0001645110461279959,5.7248749328340455e-06,3.583408925560307e-05
flowers and lances,flowers,lances,5935,100,2218200,960,9,20,364,0.149432436635049,4.507151948712216e-06,0.03523489932885906,0.0001645110461279959,6.735146979804758e-07,5.796530148805224e-06
flowers and lords,flowers,lords,5935,804,2218200,960,26,116,364,0.149432436635049,1.2169310261522984e-05,0.09,0.0001645110461279959,1.8184896845472848e-06,1.480599415151963e-05
flowers and monarchs,flowers,monarchs,5935,191,2218200,960,1,7,364,0.149432436635049,9.014303897424433e-07,0.011644832605531296,0.0001645110461279959,1.3470293959609518e-07,1.91570359392135e-06
flowers and pharaohs,flowers,pharaohs,5935,81,2218200,960,3,8,364,0.149432436635049,1.8028607794848866e-06,0.01559792027729636,0.0001645110461279959,2.6940587919219035e-07,2.5660301822391044e-06
flowers and princes,flowers,princes,5935,485,2218200,960,38,91,364,0.149432436635049,1.7577892599977646e-05,0.09378185524974515,0.0001645110461279959,2.626707322123856e-06,1.542815111495986e-05
flowers and warriors,flowers,warriors,5935,1050,2218200,960,33,78,364,0.149432436635049,1.5324316625621535e-05,0.05109961190168176,0.0001645110461279959,2.289949973133618e-06,8.406450610680256e-06
flowers and zinnias,flowers,zinnias,5935,4,2218200,960,0,1,364,0.149432436635049,4.5071519487122165e-07,0.004,0.0001645110461279959,6.735146979804759e-08,6.580441845119836e-07
flutes and kazoos,flutes,kazoos,43,0,2218200,13,0,0,5,0.025974025974025976,4.5071519487122165e-07,0.0020161290322580645,2.70429116922733e-06,1.170688817847329e-08,5.452199937958326e-09
footmen and marshals,footmen,marshals,85,70,2218200,12,2,6,14,0.022375215146299483,1.352145584613665e-06,0.012367491166077738,6.760727923068325e-06,3.0254548364849645e-08,8.36132428648026e-08
fortresses and tents,fortresses,tents,76,843,2218200,13,20,168,6,0.024475524475524476,9.465019092295655e-06,0.1262135922330097,3.1550063640985515e-06,2.3166130645478874e-07,3.9820468673088515e-07
foxes and thimbles,foxes,thimbles,344,13,2218200,58,2,4,21,0.07023809523809524,1.352145584613665e-06,0.009823182711198428,9.915734287166877e-06,9.497213034786455e-08,9.740406961853513e-08
friars and tanners,friars,tanners,49,10,2218200,5,0,1,5,0.011009174311926606,4.5071519487122165e-07,0.003952569169960474,2.70429116922733e-06,4.962002145371248e-09,1.0688897902084306e-08
fuming and mad,fuming,mad,56,6018,2218200,3,36,262,13,0.007246376811594203,1.6676462210235202e-05,0.04037457783236107,6.310012728197103e-06,1.2084392905967538e-07,2.5476410001778296e-07
gales and sparks,gales,sparks,89,370,2218200,13,37,32,5,0.023931623931623933,1.7127177405106424e-05,0.03810623556581986,2.70429116922733e-06,4.098811686692136e-07,1.0305035633314304e-07
galleons and kayaks,galleons,kayaks,36,12,2218200,5,0,2,2,0.011278195488721804,4.5071519487122165e-07,0.005905511811023622,1.352145584613665e-06,5.0832540774949805e-09,7.985111720159438e-09
garnets and slate,garnets,slate,6,466,2218200,1,9,51,0,0.00398406374501992,4.507151948712216e-06,0.05405405405405406,4.5071519487122165e-07,1.7956780672160225e-08,2.4362983506552522e-08
gazelles and leopards,gazelles,leopards,65,91,2218200,16,20,19,5,0.030303030303030304,9.465019092295655e-06,0.034071550255536626,2.70429116922733e-06,2.868187603725956e-07,9.213939247793287e-08
gelatin and lard,gelatin,lard,54,62,2218200,1,5,10,2,0.0036363636363636364,2.70429116922733e-06,0.01971326164874552,1.352145584613665e-06,9.833786069917562e-09,2.665519969668515e-08
generals and knitters,generals,knitters,384,4,2218200,48,1,0,22,0.05568181818181818,9.014303897424433e-07,0.002,1.0366449482038099e-05,5.0193283065204225e-08,2.0732898964076196e-08
generals and lace,generals,lace,384,725,2218200,48,56,90,22,0.05568181818181818,2.5690766107659634e-05,0.07452907452907453,1.0366449482038099e-05,1.4305085673583205e-06,7.726018860487035e-07
generals and riflemen,generals,riflemen,384,80,2218200,48,4,7,22,0.05568181818181818,2.253575974356108e-06,0.013888888888888888,1.0366449482038099e-05,1.2548320766301056e-07,1.4397846502830693e-07
gerbils and pythons,gerbils,pythons,33,22,2218200,3,2,3,3,0.007561436672967864,1.352145584613665e-06,0.007722007722007722,1.8028607794848866e-06,1.0224163210689338e-08,1.3921704860887156e-08
glaciers and raindrops,glaciers,raindrops,132,105,2218200,18,1,6,6,0.030254777070063694,9.014303897424433e-07,0.011647254575707155,3.1550063640985515e-06,2.7272575485838252e-08,3.6747162310632045e-08
gnats and gorillas,gnats,gorillas,30,100,2218200,6,5,9,2,0.013307984790874524,2.70429116922733e-06,0.016778523489932886,1.352145584613665e-06,3.5988665750173586e-08,2.268700645324941e-08
gnats and hippopotamuses,gnats,hippopotamuses,30,13,2218200,6,5,0,2,0.013307984790874524,2.70429116922733e-06,0.0019646365422396855,1.352145584613665e-06,3.5988665750173586e-08,2.656474625960049e-09
gnats and mammoths,gnats,mammoths,30,24,2218200,6,0,2,2,0.013307984790874524,4.5071519487122165e-07,0.0057692307692307696,1.352145584613665e-06,5.998110958362265e-09,7.800839911232683e-09
gnats and rhinoceroses,gnats,rhinoceroses,30,29,2218200,6,1,8,2,0.013307984790874524,9.014303897424433e-07,0.017142857142857144,1.352145584613665e-06,1.199622191672453e-08,2.3179638593377113e-08
goblets and puddles,goblets,puddles,30,106,2218200,8,5,12,3,0.017110266159695818,2.70429116922733e-06,0.02159468438538206,1.8028607794848866e-06,4.627114167879462e-08,3.893220952376001e-08
gorillas and sparrows,gorillas,sparrows,100,164,2218200,9,8,30,5,0.016778523489932886,4.056436753840995e-06,0.04696969696969697,2.70429116922733e-06,6.806101935974824e-08,1.2701973673643517e-07
gravediggers and kings,gravediggers,kings,3,2007,2218200,0,57,346,0,0.002004008016032064,2.6141481302530856e-05,0.13863363963244107,4.5071519487122165e-07,5.2387738081224155e-08,6.24842879026424e-08
gravel and moonstone,gravel,moonstone,419,15,2218200,47,0,1,50,0.05245901639344262,4.5071519487122165e-07,0.003913894324853229,2.2986474938432305e-05,2.3644075796523103e-08,8.996663380991117e-08
gravel and onyx,gravel,onyx,419,26,2218200,47,0,2,50,0.05245901639344262,4.5071519487122165e-07,0.005747126436781609,2.2986474938432305e-05,2.3644075796523103e-08,1.321061778070822e-07
gravel and sapphires,gravel,sapphires,419,24,2218200,47,7,4,50,0.05245901639344262,3.6057215589697732e-06,0.009615384615384616,2.2986474938432305e-05,1.8915260637218482e-07,2.2102379748492603e-07
gravel and turquoise,gravel,turquoise,419,61,2218200,47,5,7,50,0.05245901639344262,2.70429116922733e-06,0.01436265709156194,2.2986474938432305e-05,1.418644547791386e-07,3.3014685728448555e-07
groundskeeper and superintendent,groundskeeper,superintendent,15,505,2218200,0,5,31,1,0.0019569471624266144,2.70429116922733e-06,0.03196803196803197,9.014303897424433e-07,5.292154929994774e-09,2.8816955516241943e-08
hailstones and icebergs,hailstones,icebergs,30,72,2218200,4,6,9,2,0.009505703422053232,3.1550063640985515e-06,0.017605633802816902,1.352145584613665e-06,2.9990554791811326e-08,2.380538001080396e-08
hairpins and sabres,hairpins,sabres,17,65,2218200,3,3,11,0,0.007797270955165692,1.8028607794848866e-06,0.0213903743315508,4.5071519487122165e-07,1.4057393992084885e-08,9.640966735213296e-09
hairpins and tiaras,hairpins,tiaras,17,2,2218200,3,2,0,0,0.007797270955165692,1.352145584613665e-06,0.002008032128514056,4.5071519487122165e-07,1.0543045494063664e-08,9.050505921108868e-10
halberds and knives,halberds,knives,5,716,2218200,2,84,263,2,0.005988023952095809,3.8310791564053844e-05,0.21782178217821782,1.352145584613665e-06,2.2940593750930447e-07,2.945267610049567e-07
hammers and lace,hammers,lace,280,725,2218200,38,56,90,17,0.05025773195876289,2.5690766107659634e-05,0.07452907452907453,8.11287350768199e-06,1.291159636854028e-06,6.046449542989854e-07
happily and rudely,happily,rudely,1231,204,2218200,66,9,10,43,0.038795599305153444,4.507151948712216e-06,0.015714285714285715,1.9831468574333753e-05,1.7485766100968064e-07,3.11637363310959e-07
harpooners and knitters,harpooners,knitters,2,4,2218200,0,1,0,0,0.002008032128514056,9.014303897424433e-07,0.002,4.5071519487122165e-07,1.8101011842217736e-09,9.014303897424433e-10
harps and kazoos,harps,kazoos,49,0,2218200,12,0,0,5,0.023853211009174313,4.5071519487122165e-07,0.0020161290322580645,2.70429116922733e-06,1.075100464830437e-08,5.452199937958326e-09
harpsichords and kazoos,harpsichords,kazoos,7,0,2218200,2,0,0,0,0.005964214711729622,4.5071519487122165e-07,0.0020161290322580645,4.5071519487122165e-07,2.688162196051024e-09,9.086999896597211e-10
hawks and thimbles,hawks,thimbles,412,13,2218200,66,2,4,10,0.07378854625550661,1.352145584613665e-06,0.009823182711198428,4.957867143583438e-06,9.977285701444444e-08,4.8702034809267566e-08
hawks and voles,hawks,voles,412,20,2218200,66,2,1,10,0.07378854625550661,1.352145584613665e-06,0.003875968992248062,4.957867143583438e-06,9.977285701444444e-08,1.9216539316214877e-08
helmets and nightcaps,helmets,nightcaps,201,8,2218200,42,0,1,12,0.06169296987087518,4.5071519487122165e-07,0.003968253968253968,5.859297533325882e-06,2.780595893753591e-08,2.3251180687801118e-08
helmets and ribbons,helmets,ribbons,201,439,2218200,42,31,93,12,0.06169296987087518,1.4422886235879093e-05,0.10053475935828877,5.859297533325882e-06,8.897906860011491e-07,5.890630675215325e-07
herrings and seals,herrings,seals,49,522,2218200,9,28,87,5,0.01834862385321101,1.3070740651265428e-05,0.08644400785854617,2.70429116922733e-06,2.398301036929436e-07,2.337697670844843e-07
herrings and sharks,herrings,sharks,49,846,2218200,9,26,81,5,0.01834862385321101,1.2169310261522984e-05,0.06110283159463487,2.70429116922733e-06,2.2329009654170614e-07,1.6523984789615577e-07
hesitate and readjust,hesitate,readjust,489,12,2218200,11,2,0,4,0.012182741116751269,1.352145584613665e-06,0.001968503937007874,2.253575974356108e-06,1.6472839609506578e-08,4.436173177866355e-09
hippopotamuses and mice,hippopotamuses,mice,13,1093,2218200,0,87,145,5,0.0019646365422396855,3.966293714866751e-05,0.09188168659534299,2.70429116922733e-06,7.79232556948281e-08,2.4847483367349915e-07
horses and mirrors,horses,mirrors,6296,260,2218200,1069,30,33,296,0.15753828032979977,1.397217104100787e-05,0.04497354497354497,0.00013386241287675283,2.2011517982742083e-06,6.020267245779889e-06
horses and thimbles,horses,thimbles,6296,13,2218200,1069,2,4,296,0.15753828032979977,1.352145584613665e-06,0.009823182711198428,0.00013386241287675283,2.1301469015556855e-07,1.3149549398502242e-06
hurricanes and petals,hurricanes,petals,192,242,2218200,28,5,25,14,0.04215116279069767,2.70429116922733e-06,0.03523035230352303,6.760727923068325e-06,1.1398901730754732e-07,2.3818282655796267e-07
hurricanes and zephyrs,hurricanes,zephyrs,192,53,2218200,28,1,4,14,0.04215116279069767,9.014303897424433e-07,0.009107468123861567,6.760727923068325e-06,3.799633910251578e-08,6.157311405344559e-08
huts and monasteries,huts,monasteries,418,117,2218200,57,18,16,7,0.06345733041575492,8.563588702553212e-06,0.02773246329526917,3.6057215589697732e-06,5.434224778425452e-07,9.999554078708996e-08
icebergs and snowflakes,icebergs,snowflakes,72,72,2218200,9,1,3,6,0.017605633802816902,9.014303897424433e-07,0.007042253521126761,3.1550063640985515e-06,1.5870253340535975e-08,2.2218354676750365e-08
jacket and phone,jacket,phone,1700,9679,2218200,223,64,417,59,0.10200364298724955,2.9296487666629408e-05,0.04108108108108108,2.70429116922733e-05,2.988348468727226e-06,1.110952047898795e-06
jaguars and rabbits,jaguars,rabbits,76,1243,2218200,5,87,174,3,0.01048951048951049,3.966293714866751e-05,0.10063254744105808,1.8028607794848866e-06,4.160447952657431e-07,1.814264729211358e-07
kaisers and peasants,kaisers,peasants,3,675,2218200,0,24,59,1,0.002004008016032064,1.1267879871780541e-05,0.05123825789923143,9.014303897424433e-07,2.258092158673455e-08,4.618772278782801e-08
kale and vegetables,kale,vegetables,41,1138,2218200,3,273,228,0,0.0074487895716946,0.00012349596339471472,0.1401468788249694,4.5071519487122165e-07,9.19895444280929e-07,6.316632780018957e-08
kazoos and lutes,kazoos,lutes,0,9,2218200,0,1,5,0,0.0020161290322580645,9.014303897424433e-07,0.011881188118811881,4.5071519487122165e-07,1.8173999793194422e-09,5.355032018271941e-09
kazoos and organs,kazoos,organs,0,505,2218200,0,22,54,0,0.0020161290322580645,1.0366449482038099e-05,0.054945054945054944,4.5071519487122165e-07,2.0900099762173587e-08,2.476457114677042e-08
kazoos and pianos,kazoos,pianos,0,81,2218200,0,2,19,0,0.0020161290322580645,1.352145584613665e-06,0.03466204506065858,4.5071519487122165e-07,2.726099968979163e-09,1.5622710394149796e-08
kazoos and saxophones,kazoos,saxophones,0,16,2218200,0,1,5,0,0.0020161290322580645,9.014303897424433e-07,0.01171875,4.5071519487122165e-07,1.8173999793194422e-09,5.2818186898971285e-09
kazoos and trumpets,kazoos,trumpets,0,170,2218200,0,13,31,0,0.0020161290322580645,6.310012728197103e-06,0.04804804804804805,4.5071519487122165e-07,1.2721799855236094e-08,2.1655985339157796e-08
kazoos and violas,kazoos,violas,0,14,2218200,0,5,4,0,0.0020161290322580645,2.70429116922733e-06,0.00980392156862745,4.5071519487122165e-07,5.452199937958326e-09,4.418776420306095e-09
kazoos and violins,kazoos,violins,0,94,2218200,0,7,16,0,0.0020161290322580645,3.6057215589697732e-06,0.0288135593220339,4.5071519487122165e-07,7.269599917277769e-09,1.2986709004764013e-08
khans and weavers,khans,weavers,7,54,2218200,0,4,10,0,0.0019880715705765406,2.253575974356108e-06,0.02,4.5071519487122165e-07,4.4802703267517055e-09,9.014303897424434e-09
lace and twine,lace,twine,725,136,2218200,90,14,24,56,0.07452907452907453,6.760727923068325e-06,0.03955696202531646,2.5690766107659634e-05,5.038707952491545e-07,1.0162486593219794e-06
lances and scarves,lances,scarves,100,46,2218200,20,8,17,9,0.03523489932885906,4.056436753840995e-06,0.033210332103321034,4.507151948712216e-06,1.4292814065547128e-07,1.4968401305686328e-07
lanterns and ravens,lanterns,ravens,257,280,2218200,30,7,19,6,0.041168658698539175,3.6057215589697732e-06,0.02577319587628866,3.1550063640985515e-06,1.484427202231912e-07,8.131459701284926e-08
laundresses and queens,laundresses,queens,1,603,2218200,0,104,63,0,0.002012072434607646,4.732509546147827e-05,0.05823475887170155,4.5071519487122165e-07,9.522152004321584e-08,2.624729069313757e-08
leopards and rabbits,leopards,rabbits,91,1243,2218200,19,87,174,20,0.034071550255536626,3.966293714866751e-05,0.10063254744105808,9.465019092295655e-06,1.3513777563430156e-06,9.52488982835963e-07
leviathans and minnows,leviathans,minnows,7,47,2218200,0,7,9,0,0.0019880715705765406,3.6057215589697732e-06,0.01841620626151013,4.5071519487122165e-07,7.168432522802729e-09,8.300463993945151e-09
lightning and moths,lightning,moths,1457,290,2218200,126,34,28,111,0.06502816180235535,1.5775031820492758e-05,0.03689567430025445,5.0480101825576824e-05,1.0258213216603072e-06,1.8624973956001626e-06
lions and needles,lions,needles,1044,472,2218200,182,56,85,55,0.11883116883116883,2.5690766107659634e-05,0.08884297520661157,2.5240050912788412e-05,3.0528637647413722e-06,2.2424012174584744e-06
lions and teacups,lions,teacups,1044,22,2218200,182,2,4,55,0.11883116883116883,1.352145584613665e-06,0.009652509652509652,2.5240050912788412e-05,1.606770402495459e-07,2.436298350655252e-07
lizards and tyrannosaurs,lizards,tyrannosaurs,269,5,2218200,48,0,0,30,0.06405228758169934,4.5071519487122165e-07,0.001996007984031936,1.397217104100787e-05,2.886933927933315e-08,2.7888564952111516e-08
looms and trebuchets,looms,trebuchets,43,2,2218200,7,0,0,2,0.014842300556586271,4.5071519487122165e-07,0.002008032128514056,1.352145584613665e-06,6.689650387699023e-09,2.71515177633266e-09
lords and shepherds,lords,shepherds,804,255,2218200,116,11,11,26,0.09,5.40858233845466e-06,0.015978695073235686,1.2169310261522984e-05,4.867724104609193e-07,1.9444969792047378e-07
maelstroms and ripples,maelstroms,ripples,1,103,2218200,0,4,6,1,0.002012072434607646,2.253575974356108e-06,0.011686143572621035,9.014303897424433e-07,4.534358097295992e-09,1.0534244955253928e-08
majors and spinners,majors,spinners,97,41,2218200,25,2,5,1,0.04384485666104553,1.352145584613665e-06,0.0111731843575419,9.014303897424433e-07,5.928462934225175e-08,1.0071847930083166e-08
mansions and pigsties,mansions,pigsties,73,0,2218200,10,0,0,4,0.019332161687170474,4.5071519487122165e-07,0.0020161290322580645,2.253575974356108e-06,8.713299022115006e-09,4.543499948298605e-09
mantles and rags,mantles,rags,33,370,2218200,8,16,69,2,0.017013232514177693,7.662158312810768e-06,0.08083140877598152,1.352145584613665e-06,1.3035808093628905e-07,1.0929583247454566e-07
marbles and orbs,marbles,orbs,376,36,2218200,47,0,8,17,0.05504587155963303,4.5071519487122165e-07,0.016917293233082706,8.11287350768199e-06,2.481001072685624e-08,1.3724786009236448e-07
marooned and missing,marooned,missing,106,3948,2218200,1,42,137,1,0.0033222591362126247,1.938075337946253e-05,0.031053105310531053,9.014303897424433e-07,6.438788498160309e-08,2.7992212822785142e-08
masculine and undignified,masculine,undignified,185,52,2218200,10,0,4,5,0.016152716593245228,4.5071519487122165e-07,0.009124087591240875,2.70429116922733e-06,7.280274807024139e-09,2.4674189500249358e-08
mastodons and moths,mastodons,moths,4,290,2218200,1,34,28,0,0.004,1.5775031820492758e-05,0.03689567430025445,4.5071519487122165e-07,6.310012728197103e-08,1.662944103214431e-08
mausoleums and shacks,mausoleums,shacks,4,33,2218200,0,2,1,1,0.002,1.352145584613665e-06,0.003780718336483932,9.014303897424433e-07,2.7042911692273298e-09,3.408054403563113e-09
meadows and tundras,meadows,tundras,383,3,2218200,75,0,0,28,0.08646188850967008,4.5071519487122165e-07,0.002004008016032064,1.3070740651265428e-05,3.896968692856979e-08,2.6193869040612077e-08
meteors and raindrops,meteors,raindrops,48,105,2218200,4,1,6,4,0.009191176470588236,9.014303897424433e-07,0.011647254575707155,2.253575974356108e-06,8.285205788073927e-09,2.624797307902289e-08
mice and tigers,mice,tigers,1093,862,2218200,145,97,139,87,0.09188168659534299,4.417008909737972e-05,0.10309278350515463,3.966293714866751e-05,4.0584222833338195e-06,4.0889625926461345e-06
mice and wolves,mice,wolves,1093,1098,2218200,145,45,151,87,0.09188168659534299,2.0732898964076198e-05,0.09535759096612297,3.966293714866751e-05,1.9049737248301604e-06,3.7821621371376794e-06
millers and priests,millers,priests,38,763,2218200,5,31,147,1,0.011235955056179775,1.4422886235879093e-05,0.11755361397934869,9.014303897424433e-07,1.6205490152673137e-07,1.0596640006503702e-07
millstones and pebbles,millstones,pebbles,10,302,2218200,0,31,40,0,0.001976284584980237,1.4422886235879093e-05,0.05137844611528822,4.5071519487122165e-07,2.8503727738891487e-08,2.315704635303269e-08
minnows and orcas,minnows,orcas,47,6,2218200,9,1,1,7,0.01841620626151013,9.014303897424433e-07,0.00398406374501992,3.6057215589697732e-06,1.6600927987890302e-08,1.436542453772818e-08
moles and polecats,moles,polecats,100,7,2218200,10,1,2,6,0.018456375838926176,9.014303897424433e-07,0.005964214711729622,3.1550063640985515e-06,1.6637138065716237e-08,1.8817135372357165e-08
monarchs and serfs,monarchs,serfs,191,53,2218200,7,3,7,1,0.011644832605531296,1.8028607794848866e-06,0.014571948998178506,9.014303897424433e-07,2.0994011988179175e-08,1.3135597664735057e-08
monks and tanners,monks,tanners,448,10,2218200,48,0,1,22,0.05190677966101695,4.5071519487122165e-07,0.003952569169960474,1.0366449482038099e-05,2.3395174310052818e-08,4.097410862465651e-08
monks and telescopes,monks,telescopes,448,164,2218200,48,0,13,22,0.05190677966101695,4.5071519487122165e-07,0.021212121212121213,1.0366449482038099e-05,2.3395174310052818e-08,2.1989438295232333e-07
moths and seas,moths,seas,290,967,2218200,28,25,139,34,0.03689567430025445,1.1718595066651763e-05,0.09569377990430622,1.5775031820492758e-05,4.3236546683575207e-07,1.509572423013661e-06
moths and suns,moths,suns,290,127,2218200,28,2,10,34,0.03689567430025445,1.352145584613665e-06,0.01765650080256822,1.5775031820492758e-05,4.9888323096432924e-08,2.7853186199906956e-07
mountains and petals,mountains,petals,4032,242,2218200,621,5,25,116,0.13736749116607774,2.70429116922733e-06,0.03523035230352303,5.273367779993293e-05,3.714816932993373e-07,1.8578260471521087e-06
mud and platinum,mud,platinum,2107,474,2218200,314,36,27,75,0.12101421436803687,1.6676462210235202e-05,0.0288659793814433,3.425435481021285e-05,2.0180889728098685e-06,9.887854996762472e-07
mudslides and puddles,mudslides,puddles,10,106,2218200,2,5,12,5,0.005928853754940711,2.70429116922733e-06,0.02159468438538206,2.70429116922733e-06,1.603334685312646e-08,5.839831428564001e-08
mushrooms and oaks,mushrooms,oaks,307,250,2218200,55,9,49,32,0.06973848069738481,4.507151948712216e-06,0.06702412868632708,1.4873601430750315e-05,3.1432192917544724e-07,9.968901763237477e-07
mushrooms and pines,mushrooms,pines,307,435,2218200,55,12,91,32,0.06973848069738481,5.859297533325882e-06,0.09881847475832438,1.4873601430750315e-05,4.086185079280814e-07,1.4697866075499773e-06
muskets and slingshots,muskets,slingshots,238,6,2218200,58,1,0,16,0.08038147138964577,9.014303897424433e-07,0.00199203187250996,7.662158312810768e-06,7.245830108283944e-08,1.526326357133619e-08
nebulae and sparks,nebulae,sparks,42,370,2218200,3,37,32,0,0.007434944237918215,1.7127177405106424e-05,0.03810623556581986,4.5071519487122165e-07,1.2733960895989906e-07,1.7175059388857175e-08
nectar and swill,nectar,swill,155,11,2218200,22,1,1,10,0.03533026113671275,9.014303897424433e-07,0.0039447731755424065,4.957867143583438e-06,3.184777106616927e-08,1.9557661315911e-08
needles and ravens,needles,ravens,472,280,2218200,85,7,19,56,0.08884297520661157,3.6057215589697732e-06,0.02577319587628866,2.5690766107659634e-05,3.2034303106549635e-07,6.621331471046297e-07
needles and sledgehammers,needles,sledgehammers,472,3,2218200,85,0,1,56,0.08884297520661157,4.5071519487122165e-07,0.004008016032064128,2.5690766107659634e-05,4.0042878883187044e-08,1.0296900243550954e-07
needles and tigers,needles,tigers,472,862,2218200,85,97,139,56,0.08884297520661157,4.417008909737972e-05,0.10309278350515463,2.5690766107659634e-05,3.92420213055233e-06,2.6485325884185187e-06
nurses and patriarchs,nurses,patriarchs,636,30,2218200,96,4,3,62,0.08568904593639576,2.253575974356108e-06,0.0076045627376425855,2.8395057276886964e-05,1.9310677518775837e-07,2.1593199450104154e-07
oboes and tambourines,oboes,tambourines,22,17,2218200,3,2,6,1,0.007722007722007722,1.352145584613665e-06,0.01364522417153996,9.014303897424433e-07,1.0441278645665366e-08,1.2300219743074274e-08
organs and whistles,organs,whistles,505,373,2218200,54,28,30,22,0.054945054945054944,1.3070740651265428e-05,0.03567318757192175,1.0366449482038099e-05,7.181725632563422e-07,3.6980429682759614e-07
owls and pennies,owls,pennies,375,548,2218200,39,6,61,20,0.045924225028702644,3.1550063640985515e-06,0.05938697318007663,9.465019092295655e-06,1.4489122223185082e-07,5.620988349830753e-07
owls and thimbles,owls,thimbles,375,13,2218200,39,2,4,20,0.045924225028702644,1.352145584613665e-06,0.009823182711198428,9.465019092295655e-06,6.209623809936463e-08,9.297661190860171e-08
paintbrushes and sailors,paintbrushes,sailors,12,1439,2218200,0,82,153,0,0.001968503937007874,3.74093611743114e-05,0.07958656330749354,4.5071519487122165e-07,7.36404747525815e-08,3.587087339026777e-08
palaces and pigsties,palaces,pigsties,224,0,2218200,40,0,0,31,0.05694444444444444,4.5071519487122165e-07,0.0020161290322580645,1.4422886235879093e-05,2.566572637461123e-08,2.9078399669111075e-08
pearls and silt,pearls,silt,459,81,2218200,121,9,14,35,0.12774869109947645,4.507151948712216e-06,0.025996533795493933,1.622574701536398e-05,5.757827620344403e-07,4.218131806420445e-07
peasants and sultans,peasants,sultans,675,46,2218200,59,6,5,24,0.05123825789923143,3.1550063640985515e-06,0.01107011070110701,1.1267879871780541e-05,1.6165702975739804e-07,1.2473667754738605e-07
pebbles and volcanoes,pebbles,volcanoes,302,245,2218200,40,11,18,31,0.05137844611528822,5.40858233845466e-06,0.02564102564102564,1.4422886235879093e-05,2.778845562363923e-07,3.698175957917716e-07
pelicans and sardines,pelicans,sardines,40,120,2218200,7,6,17,3,0.014925373134328358,3.1550063640985515e-06,0.02922077922077922,1.8028607794848866e-06,4.708964722535151e-08,5.26809968031298e-08
pennies and wolves,pennies,wolves,548,1098,2218200,61,45,151,6,0.05938697318007663,2.0732898964076198e-05,0.09535759096612297,3.1550063640985515e-06,1.2312641147248317e-06,3.008538063632245e-07
petals and tornadoes,petals,tornadoes,242,213,2218200,25,18,12,5,0.03523035230352303,8.563588702553212e-06,0.018335684062059238,2.70429116922733e-06,3.0169824697341937e-07,4.958502849076909e-08
pharaohs and potters,pharaohs,potters,81,43,2218200,8,1,7,3,0.01559792027729636,9.014303897424433e-07,0.014842300556586271,1.8028607794848866e-06,1.4060439354734818e-08,2.675860155079609e-08
pianos and triangles,pianos,triangles,81,159,2218200,19,12,21,2,0.03466204506065858,5.859297533325882e-06,0.03358778625954199,1.352145584613665e-06,2.0309523512394738e-07,4.541557688778722e-08
pickaxes and pins,pickaxes,pins,6,576,2218200,2,20,112,1,0.00597609561752988,9.465019092295655e-06,0.10541044776119403,9.014303897424433e-07,5.656385911730471e-08,9.502018100829859e-08
pikes and slingshots,pikes,slingshots,95,6,2218200,28,1,0,6,0.049069373942470386,9.014303897424433e-07,0.00199203187250996,3.1550063640985515e-06,4.423262487737877e-08,6.284873235256079e-09
pinnacles and vales,pinnacles,vales,41,17,2218200,6,1,3,7,0.01303538175046555,9.014303897424433e-07,0.007797270955165692,3.6057215589697732e-06,1.1750489251763694e-08,2.811478798416977e-08
pins and tigers,pins,tigers,576,862,2218200,112,97,139,20,0.10541044776119403,4.417008909737972e-05,0.10309278350515463,9.465019092295655e-06,4.655988869406631e-06,9.75775164154191e-07
pins and walls,pins,walls,576,3279,2218200,112,53,486,20,0.10541044776119403,2.4338620523045968e-05,0.12900662251655629,9.465019092295655e-06,2.565544887224062e-06,1.2210501451517838e-06
planets and sparks,planets,sparks,794,370,2218200,95,37,32,32,0.07441860465116279,1.7127177405106424e-05,0.03810623556581986,1.4873601430750315e-05,1.2745806441009432e-06,5.667769598322868e-07
priests and tanners,priests,tanners,763,10,2218200,147,0,1,31,0.11755361397934869,4.5071519487122165e-07,0.003952569169960474,1.4422886235879093e-05,5.298320003251851e-08,5.7007455477782974e-08
priors and scullions,priors,scullions,20,2,2218200,3,0,0,0,0.007751937984496124,4.5071519487122165e-07,0.002008032128514056,4.5071519487122165e-07,3.4939162393117957e-09,9.050505921108868e-10
pterodactyls and sparrows,pterodactyls,sparrows,3,164,2218200,3,8,30,2,0.008016032064128256,4.056436753840995e-06,0.04696969696969697,1.352145584613665e-06,3.251652708489775e-08,6.350986836821759e-08
puddles and straits,puddles,straits,106,250,2218200,12,0,26,5,0.02159468438538206,4.5071519487122165e-07,0.036193029490616625,2.70429116922733e-06,9.733052380940002e-09,9.787649003905886e-08
puppies and tigers,puppies,tigers,382,862,2218200,33,97,139,10,0.0387243735763098,4.417008909737972e-05,0.10309278350515463,4.957867143583438e-06,1.7104590311058208e-06,5.111203240807668e-07
pyramids and sandcastles,pyramids,sandcastles,145,26,2218200,15,2,2,3,0.0249609984399376,1.352145584613665e-06,0.005747126436781609,1.8028607794848866e-06,3.37509038281102e-08,1.036126884761429e-08
queens and serfs,queens,serfs,603,53,2218200,63,3,7,104,0.05823475887170155,1.8028607794848866e-06,0.014571948998178506,4.732509546147827e-05,1.0498916277255028e-07,6.896188773985905e-07
rags and tapestries,rags,tapestries,370,31,2218200,69,4,6,16,0.08083140877598152,2.253575974356108e-06,0.013282732447817837,7.662158312810768e-06,1.8215972079090942e-07,1.0177439884188875e-07
rapiers and thimbles,rapiers,thimbles,7,13,2218200,1,2,4,1,0.003976143141153081,1.352145584613665e-06,0.009823182711198428,9.014303897424433e-07,5.376324392102047e-09,8.85491541986683e-09
rats and sharks,rats,sharks,772,846,2218200,126,26,81,54,0.10015772870662461,1.2169310261522984e-05,0.06110283159463487,2.478933571791719e-05,1.218850475720362e-06,1.5146986057147611e-06
redwoods and toadstools,redwoods,toadstools,5,21,2218200,1,2,5,0,0.003992015968063872,1.352145584613665e-06,0.01160541586073501,4.5071519487122165e-07,5.3977867649248095e-09,5.2307372712327466e-09
rhinoceroses and voles,rhinoceroses,voles,29,20,2218200,8,2,1,1,0.017142857142857144,1.352145584613665e-06,0.003875968992248062,9.014303897424433e-07,2.3179638593377113e-08,3.4939162393117957e-09
ribbons and sharks,ribbons,sharks,439,846,2218200,93,26,81,31,0.10053475935828877,1.2169310261522984e-05,0.06110283159463487,1.4422886235879093e-05,1.2234386786985675e-06,8.812791887794975e-07
ribbons and shields,ribbons,shields,439,301,2218200,93,20,40,31,0.10053475935828877,9.465019092295655e-06,0.05144291091593475,1.4422886235879093e-05,9.515634167655525e-07,7.419552517829897e-07
ripples and waterspouts,ripples,waterspouts,103,9,2218200,6,0,2,4,0.011686143572621035,4.5071519487122165e-07,0.005940594059405941,2.253575974356108e-06,5.267122477626964e-09,1.338758004567985e-08
rivers and seeds,rivers,seeds,2038,1382,2218200,274,56,153,139,0.1085240726124704,2.5690766107659634e-05,0.08200212992545261,6.310012728197103e-05,2.788066566537648e-06,5.174344835688785e-06
rubies and sandstone,rubies,sandstone,102,168,2218200,48,12,13,34,0.08193979933110368,5.859297533325882e-06,0.02108433734939759,1.5775031820492758e-05,4.801096641019535e-07,3.326060926007509e-07
rustles and tempests,rustles,tempests,152,29,2218200,35,3,4,29,0.05555555555555555,1.8028607794848866e-06,0.009523809523809525,1.352145584613665e-05,1.0015893219360481e-07,1.287757699632062e-07
sackcloth and velvet,sackcloth,velvet,23,660,2218200,13,21,64,0,0.02697495183044316,9.915734287166877e-06,0.056228373702422146,4.5071519487122165e-07,2.6747645475980016e-07,2.5342982410579073e-08
sardines and whales,sardines,whales,120,399,2218200,17,33,69,6,0.02922077922077922,1.5324316625621535e-05,0.0782122905027933,3.1550063640985515e-06,4.477884728266033e-07,2.4676027428703756e-07
saxophones and whistles,saxophones,whistles,16,373,2218200,5,28,30,1,0.01171875,1.3070740651265428e-05,0.03567318757192175,9.014303897424433e-07,1.5317274200701675e-07,3.215689537631271e-08
scepters and twigs,scepters,twigs,1,356,2218200,0,56,114,0,0.002012072434607646,2.5690766107659634e-05,0.13497652582159625,4.5071519487122165e-07,5.169168230917432e-08,6.083597113872124e-08
scissors and scythes,scissors,scythes,721,20,2218200,92,0,7,34,0.07641741988496302,4.5071519487122165e-07,0.015503875968992248,1.5775031820492758e-05,3.444249229500707e-08,2.445741367518257e-07
seeds and sharks,seeds,sharks,1382,846,2218200,153,26,81,56,0.08200212992545261,1.2169310261522984e-05,0.06110283159463487,2.5690766107659634e-05,9.979093611685515e-07,1.56977855501348e-06
serfs and tsars,serfs,tsars,53,28,2218200,7,0,5,3,0.014571948998178506,4.5071519487122165e-07,0.011450381679389313,1.8028607794848866e-06,6.567798832367529e-09,2.0643444039903283e-08
sharks and teacups,sharks,teacups,846,22,2218200,81,2,4,26,0.06110283159463487,1.352145584613665e-06,0.009652509652509652,1.2169310261522984e-05,8.261992394807788e-08,1.1746438476373536e-07
showers and typhoons,showers,typhoons,310,38,2218200,45,8,6,22,0.05707196029776675,4.056436753840995e-06,0.013108614232209739,1.0366449482038099e-05,2.315087973656151e-07,1.358897872177279e-07
slings and trebuchets,slings,trebuchets,35,2,2218200,10,0,0,1,0.02071563088512241,4.5071519487122165e-07,0.002008032128514056,9.014303897424433e-07,9.336849611268246e-09,1.8101011842217736e-09
soldiers and spools,soldiers,spools,5076,21,2218200,529,2,5,165,0.09511844938980617,1.352145584613665e-06,0.01160541586073501,7.48187223486228e-05,1.2861399135772476e-07,8.68302387024636e-07
sparks and thunderbolts,sparks,thunderbolts,370,40,2218200,32,1,3,37,0.03810623556581986,9.014303897424433e-07,0.007462686567164179,1.7127177405106424e-05,3.435011877771435e-08,1.2781475675452554e-07
sparrows and wolves,sparrows,wolves,164,1098,2218200,30,45,151,8,0.04696969696969697,2.0732898964076198e-05,0.09535759096612297,4.056436753840995e-06,9.738179816460032e-07,3.8681203675271724e-07
spears and tablecloths,spears,tablecloths,529,13,2218200,107,3,3,51,0.10536585365853658,1.8028607794848866e-06,0.007858546168958742,2.3437190133303527e-05,1.8995996505791976e-07,1.8418224073323007e-07
spoons and wolves,spoons,wolves,677,1098,2218200,120,45,151,64,0.10315430520034101,2.0732898964076198e-05,0.09535759096612297,2.9296487666629408e-05,2.13868778742815e-06,2.7936424876585134e-06
tablecloths and tigers,tablecloths,tigers,13,862,2218200,3,97,139,3,0.007858546168958742,4.417008909737972e-05,0.10309278350515463,1.8028607794848866e-06,3.471126844587797e-07,1.8586193602936974e-07
teacups and wolves,teacups,wolves,22,1098,2218200,4,45,151,2,0.009652509652509652,2.0732898964076198e-05,0.09535759096612297,1.352145584613665e-06,2.0012450737525287e-07,1.2893734558423906e-07
therapy and vacations,therapy,vacations,555,119,2218200,51,3,11,6,0.049476688867745006,1.8028607794848866e-06,0.01951219512195122,3.1550063640985515e-06,8.919958185843398e-08,6.156109978728881e-08
thimbles and towers,thimbles,towers,13,706,2218200,4,26,91,2,0.009823182711198428,1.2169310261522984e-05,0.07653910149750416,1.352145584613665e-06,1.195413581682022e-07,1.034920081401474e-07
thimbles and wolves,thimbles,wolves,13,1098,2218200,4,45,151,2,0.009823182711198428,2.0732898964076198e-05,0.09535759096612297,1.352145584613665e-06,2.036630546569371e-07,1.2893734558423906e-07
thunderclaps and whispers,thunderclaps,whispers,4,1452,2218200,1,26,26,0,0.004,1.2169310261522984e-05,0.013860369609856264,4.5071519487122165e-07,4.8677241046091934e-08,6.247079189693524e-09
trombones and whistles,trombones,whistles,29,373,2218200,4,28,30,6,0.009523809523809525,1.3070740651265428e-05,0.03567318757192175,3.1550063640985515e-06,1.24483244297766e-07,1.1254913381709447e-07
tsars and vagrants,tsars,vagrants,28,34,2218200,5,4,7,0,0.011450381679389313,2.253575974356108e-06,0.01509433962264151,4.5071519487122165e-07,2.5804305049879102e-08,6.80324822447127e-09
tubas and whistles,tubas,whistles,1,373,2218200,1,28,30,0,0.004024144869215292,1.3070740651265428e-05,0.03567318757192175,4.5071519487122165e-07,5.259855392863352e-08,1.6078447688156354e-08
vocabulary and vowels,vocabulary,vowels,275,172,2218200,43,6,22,17,0.057068741893644616,3.1550063640985515e-06,0.0344311377245509,8.11287350768199e-06,1.8005224386554637e-07,2.7933546508485896e-07
